File #,Box,Total,Location,API,Operator,Lease,Well #,Sec,Tw,TwD,Rg,RgD,Quarter,Latitude,Longitude,County,State,Formation,Field,Top,Bottom,Type,Box Type,Condition,Diameter,Restrictions,Comments,Unnamed: 28,Unnamed: 29,Unnamed: 30,Unnamed: 31,Unnamed: 32,Unnamed: 33,Unnamed: 34
755,1,39.0,,,U S Government,Missle Site,AL-4,36.0,1.0,S,18.0,W,NE,,,Tillman,OK,Hennssey,,76.8,79.5,Whole/Rubble,Butt Box,Good/Poor,3.5,,,,,,,,,
755,2,39.0,,,U S Government,Missle Site,AL-4,36.0,1.0,S,18.0,W,NE,,,Tillman,OK,Hennssey,,79.5,82.5,Whole/Rubble,Butt Box,Good/Poor,3.5,,,,,,,,,
755,3,39.0,,,U S Government,Missle Site,AL-4,36.0,1.0,S,18.0,W,NE,,,Tillman,OK,Hennssey,,82.5,85.3,Whole/Rubble,Butt Box,Good/Poor,3.5,,,,,,,,,
755,4,39.0,,,U S Government,Missle Site,AL-4,36.0,1.0,S,18.0,W,NE,,,Tillman,OK,Hennssey,,85.3,91.5,Whole/Rubble,Butt Box,Good/Poor,3.5,,,,,,,,,
755,5,39.0,,,U S Government,Missle Site,AL-4,36.0,1.0,S,18.0,W,NE,,,Tillman,OK,Hennssey,,91.5,94,Whole/Rubble,Butt Box,Good/Poor,3.5,,,,,,,,,
755,6,39.0,,,U S Government,Missle Site,AL-4,36.0,1.0,S,18.0,W,NE,,,Tillman,OK,Hennssey,,94,97.3,Whole/Rubble,Butt Box,Good/Poor,3.5,,,,,,,,,
755,7,39.0,,,U S Government,Missle Site,AL-4,36.0,1.0,S,18.0,W,NE,,,Tillman,OK,Hennssey,,97.3,99.5,Whole/Rubble,Butt Box,Good/Poor,3.5,,,,,,,,,
755,8,39.0,,,U S Government,Missle Site,AL-4,36.0,1.0,S,18.0,W,NE,,,Tillman,OK,Hennssey,,99.5,102,Whole/Rubble,Butt Box,Good/Poor,3.5,,,,,,,,,
755,9,39.0,,,U S Government,Missle Site,AL-4,36.0,1.0,S,18.0,W,NE,,,Tillman,OK,Hennssey,,102,105.5,Whole/Rubble,Butt Box,Good/Poor,3.5,,,,,,,,,
755,10,39.0,,,U S Government,Missle Site,AL-4,36.0,1.0,S,18.0,W,NE,,,Tillman,OK,Hennssey,,105.5,108.7,Whole/Rubble,Butt Box,Good/Poor,3.5,,,,,,,,,
755,11,39.0,,,U S Government,Missle Site,AL-4,36.0,1.0,S,18.0,W,NE,,,Tillman,OK,Hennssey,,108.7,111.5,Whole/Rubble,Butt Box,Good/Poor,3.5,,,,,,,,,
755,12,39.0,,,U S Government,Missle Site,AL-4,36.0,1.0,S,18.0,W,NE,,,Tillman,OK,Hennssey,,111.5,114,Whole/Rubble,Butt Box,Good/Poor,3.5,,,,,,,,,
755,13,39.0,,,U S Government,Missle Site,AL-4,36.0,1.0,S,18.0,W,NE,,,Tillman,OK,Hennssey,,114,117,Whole/Rubble,Butt Box,Good/Poor,3.5,,,,,,,,,
755,14,39.0,,,U S Government,Missle Site,AL-4,36.0,1.0,S,18.0,W,NE,,,Tillman,OK,Hennssey,,117,119.3,Whole/Rubble,Butt Box,Good/Poor,3.5,,,,,,,,,
755,15,39.0,,,U S Government,Missle Site,AL-4,36.0,1.0,S,18.0,W,NE,,,Tillman,OK,Hennssey,,119.3,122.8,Whole/Rubble,Butt Box,Good/Poor,3.5,,,,,,,,,
755,16,39.0,,,U S Government,Missle Site,AL-4,36.0,1.0,S,18.0,W,NE,,,Tillman,OK,Hennssey,,122.8,125.1,Whole/Rubble,Butt Box,Good/Poor,3.5,,,,,,,,,
755,17,39.0,,,U S Government,Missle Site,AL-4,36.0,1.0,S,18.0,W,NE,,,Tillman,OK,Hennssey,,125.1,127.6,Whole/Rubble,Butt Box,Good/Poor,3.5,,,,,,,,,
755,18,39.0,,,U S Government,Missle Site,AL-4,36.0,1.0,S,18.0,W,NE,,,Tillman,OK,Hennssey,,127.6,130.5,Whole/Rubble,Butt Box,Good/Poor,3.5,,,,,,,,,
755,19,39.0,,,U S Government,Missle Site,AL-4,36.0,1.0,S,18.0,W,NE,,,Tillman,OK,Hennssey,,130.5,132.8,Whole/Rubble,Butt Box,Good/Poor,3.5,,,,,,,,,
755,20,39.0,,,U S Government,Missle Site,AL-4,36.0,1.0,S,18.0,W,NE,,,Tillman,OK,Hennssey,,132.8,136,Whole/Rubble,Butt Box,Good/Poor,3.5,,,,,,,,,
755,21,39.0,,,U S Government,Missle Site,AL-4,36.0,1.0,S,18.0,W,NE,,,Tillman,OK,Hennssey,,136,138.9,Whole/Rubble,Butt Box,Good/Poor,3.5,,,,,,,,,
755,22,39.0,,,U S Government,Missle Site,AL-4,36.0,1.0,S,18.0,W,NE,,,Tillman,OK,Hennssey,,138.9,142,Whole/Rubble,Butt Box,Good/Poor,3.5,,,,,,,,,
755,23,39.0,,,U S Government,Missle Site,AL-4,36.0,1.0,S,18.0,W,NE,,,Tillman,OK,Hennssey,,142,144.8,Whole/Rubble,Butt Box,Good/Poor,3.5,,,,,,,,,
755,24,39.0,,,U S Government,Missle Site,AL-4,36.0,1.0,S,18.0,W,NE,,,Tillman,OK,Hennssey,,144.8,147.5,Whole/Rubble,Butt Box,Good/Poor,3.5,,,,,,,,,
755,25,39.0,,,U S Government,Missle Site,AL-4,36.0,1.0,S,18.0,W,NE,,,Tillman,OK,Hennssey,,147.5,150.8,Whole/Rubble,Butt Box,Good/Poor,3.5,,,,,,,,,
755,26,39.0,,,U S Government,Missle Site,AL-4,36.0,1.0,S,18.0,W,NE,,,Tillman,OK,Hennssey,,150.8,154,Whole/Rubble,Butt Box,Good/Poor,3.5,,,,,,,,,
755,27,39.0,,,U S Government,Missle Site,AL-4,36.0,1.0,S,18.0,W,NE,,,Tillman,OK,Hennssey,,154,158.4,Whole/Rubble,Butt Box,Good/Poor,3.5,,,,,,,,,
755,28,39.0,,,U S Government,Missle Site,AL-4,36.0,1.0,S,18.0,W,NE,,,Tillman,OK,Hennssey,,158.4,162,Whole/Rubble,Butt Box,Good/Poor,3.5,,,,,,,,,
755,29,39.0,,,U S Government,Missle Site,AL-4,36.0,1.0,S,18.0,W,NE,,,Tillman,OK,Hennssey,,162,166.8,Whole/Rubble,Butt Box,Good/Poor,3.5,,,,,,,,,
755,30,39.0,,,U S Government,Missle Site,AL-4,36.0,1.0,S,18.0,W,NE,,,Tillman,OK,Hennssey,,166.8,169.8,Whole/Rubble,Butt Box,Good/Poor,3.5,,,,,,,,,
755,31,39.0,,,U S Government,Missle Site,AL-4,36.0,1.0,S,18.0,W,NE,,,Tillman,OK,Hennssey,,169.8,173.7,Whole/Rubble,Butt Box,Good/Poor,3.5,,,,,,,,,
755,32,39.0,,,U S Government,Missle Site,AL-4,36.0,1.0,S,18.0,W,NE,,,Tillman,OK,Hennssey,,173.7,176.3,Whole/Rubble,Butt Box,Good/Poor,3.5,,,,,,,,,
755,33,39.0,,,U S Government,Missle Site,AL-4,36.0,1.0,S,18.0,W,NE,,,Tillman,OK,Hennssey,,176.3,179.7,Whole/Rubble,Butt Box,Good/Poor,3.5,,,,,,,,,
755,34,39.0,,,U S Government,Missle Site,AL-4,36.0,1.0,S,18.0,W,NE,,,Tillman,OK,Hennssey,,179.7,182.6,Whole/Rubble,Butt Box,Good/Poor,3.5,,,,,,,,,
755,35,39.0,,,U S Government,Missle Site,AL-4,36.0,1.0,S,18.0,W,NE,,,Tillman,OK,Hennssey,,182.6,185.2,Whole/Rubble,Butt Box,Good/Poor,3.5,,,,,,,,,
755,36,39.0,,,U S Government,Missle Site,AL-4,36.0,1.0,S,18.0,W,NE,,,Tillman,OK,Hennssey,,185.2,188.5,Whole/Rubble,Butt Box,Good/Poor,3.5,,,,,,,,,
755,37,39.0,,,U S Government,Missle Site,AL-4,36.0,1.0,S,18.0,W,NE,,,Tillman,OK,Hennssey,,188.5,193.8,Whole/Rubble,Butt Box,Good/Poor,3.5,,,,,,,,,
755,38,39.0,,,U S Government,Missle Site,AL-4,36.0,1.0,S,18.0,W,NE,,,Tillman,OK,Hennssey,,193.8,196.2,Whole/Rubble,Butt Box,Good/Poor,3.5,,,,,,,,,
755,39,39.0,,,U S Government,Missle Site,AL-4,36.0,1.0,S,18.0,W,NE,,,Tillman,OK,Hennssey,,196.2,199.7,Whole/Rubble,Butt Box,Good/Poor,3.5,,,,,,,,,
1253,1,12.0,,,Shell,Goddard Core Hole,1,21.0,2.0,N,15.0,E,,,,Pittsburg,OK,Jackfork,,39,42,Whole,Butt Box,,2,,,,,,,,,
1253,2,12.0,,,Shell,Goddard Core Hole,1,21.0,2.0,N,15.0,E,,,,Pittsburg,OK,Jackfork,,48,,Whole,Butt Box,,2,,May Be 2 Rows Per Box,,,,,,,
1253,3,12.0,,,Shell,Goddard Core Hole,1,21.0,2.0,N,15.0,E,,,,Pittsburg,OK,Jackfork,,,57,Whole,Butt Box,,2,,May Be 2 Rows Per Box,,,,,,,
1253,4,12.0,,,Shell,Goddard Core Hole,1,21.0,2.0,N,15.0,E,,,,Pittsburg,OK,Jackfork,,79,82,Whole,Butt Box,,2,,May Be 2 Rows Per Box,,,,,,,
1253,5,12.0,,,Shell,Goddard Core Hole,1,21.0,2.0,N,15.0,E,,,,Pittsburg,OK,Jackfork,,100,104,Whole,Butt Box,,2,,May Be 2 Rows Per Box,,,,,,,
1253,6,12.0,,,Shell,Goddard Core Hole,1,21.0,2.0,N,15.0,E,,,,Pittsburg,OK,Jackfork,,188,,Whole,Butt Box,,2,,May Be 2 Rows Per Box,,,,,,,
1253,7,12.0,,,Shell,Goddard Core Hole,1,21.0,2.0,N,15.0,E,,,,Pittsburg,OK,Jackfork,,,,Whole,Butt Box,,2,,May Be 2 Rows Per Box,,,,,,,
1253,8,12.0,,,Shell,Goddard Core Hole,1,21.0,2.0,N,15.0,E,,,,Pittsburg,OK,Jackfork,,,,Whole,Butt Box,,2,,May Be 2 Rows Per Box,,,,,,,
1253,9,12.0,,,Shell,Goddard Core Hole,1,21.0,2.0,N,15.0,E,,,,Pittsburg,OK,Jackfork,,,211,Whole,Butt Box,,2,,May Be 2 Rows Per Box,,,,,,,
1253,10,12.0,,,Shell,Goddard Core Hole,1,21.0,2.0,N,15.0,E,,,,Pittsburg,OK,Jackfork,,279,283,Whole,Butt Box,,2,,May Be 2 Rows Per Box,,,,,,,
1253,11,12.0,,,Shell,Goddard Core Hole,1,21.0,2.0,N,15.0,E,,,,Pittsburg,OK,Jackfork,,317,320,Whole,Butt Box,,2,,May Be 2 Rows Per Box,,,,,,,
1253,12,12.0,,,Shell,Goddard Core Hole,1,21.0,2.0,N,15.0,E,,,,Pittsburg,OK,Jackfork,,367,369,Whole,Butt Box,,2,,May Be 2 Rows Per Box,,,,,,,
1254,1,7.0,,,Shell,Roberson Core Hole,1,27.0,2.0,N,3.0,E,,,,Murray,OK,Oil Creek,,1125,,Whole,Butt Box,,2,,May Be 2 Rows Per Box,,,,,,,
1254,2,7.0,,,Shell,Roberson Core Hole,1,27.0,2.0,N,3.0,E,,,,Murray,OK,Oil Creek,,,,Whole,Butt Box,,2,,May Be 2 Rows Per Box,,,,,,,
1254,3,7.0,,,Shell,Roberson Core Hole,1,27.0,2.0,N,3.0,E,,,,Murray,OK,Oil Creek,,,1141,Whole,Butt Box,,2,,May Be 2 Rows Per Box,,,,,,,
1254,4,7.0,,,Shell,Roberson Core Hole,1,27.0,2.0,N,3.0,E,,,,Murray,OK,Oil Creek,,1426,1428,Whole,Butt Box,,2,,May Be 2 Rows Per Box,,,,,,,
1254,5,7.0,,,Shell,Roberson Core Hole,1,27.0,2.0,N,3.0,E,,,,Murray,OK,Oil Creek,,1539,,Whole,Butt Box,,2,,May Be 2 Rows Per Box,,,,,,,
1254,6,7.0,,,Shell,Roberson Core Hole,1,27.0,2.0,N,3.0,E,,,,Murray,OK,Oil Creek,,,,Whole,Butt Box,,2,,May Be 2 Rows Per Box,,,,,,,
1254,7,7.0,,,Shell,Roberson Core Hole,1,27.0,2.0,N,3.0,E,,,,Murray,OK,Oil Creek,,,1551,Whole,Butt Box,,2,,May Be 2 Rows Per Box,,,,,,,
1255,1,10.0,,,Shell,SC Core Hole,2-A,22.0,2.0,N,4.0,E,,,,Pontotoc,OK,,,63,,Whole,Butt Box,,2,,May Be 2 Rows Per Box,,,,,,,
1255,2,10.0,,,Shell,SC Core Hole,2-A,22.0,2.0,N,4.0,E,,,,Pontotoc,OK,,,,,Whole,Butt Box,,2,,May Be 2 Rows Per Box,,,,,,,
1255,3,10.0,,,Shell,SC Core Hole,2-A,22.0,2.0,N,4.0,E,,,,Pontotoc,OK,,,,,Whole,Butt Box,,2,,May Be 2 Rows Per Box,,,,,,,
1255,4,10.0,,,Shell,SC Core Hole,2-A,22.0,2.0,N,4.0,E,,,,Pontotoc,OK,,,,,Whole,Butt Box,,2,,May Be 2 Rows Per Box,,,,,,,
1255,5,10.0,,,Shell,SC Core Hole,2-A,22.0,2.0,N,4.0,E,,,,Pontotoc,OK,,,,,Whole,Butt Box,,2,,May Be 2 Rows Per Box,,,,,,,
1255,6,10.0,,,Shell,SC Core Hole,2-A,22.0,2.0,N,4.0,E,,,,Pontotoc,OK,,,,,Whole,Butt Box,,2,,May Be 2 Rows Per Box,,,,,,,
1255,7,10.0,,,Shell,SC Core Hole,2-A,22.0,2.0,N,4.0,E,,,,Pontotoc,OK,,,,104,Whole,Butt Box,,2,,May Be 2 Rows Per Box,,,,,,,
1255,8,10.0,,,Shell,SC Core Hole,2-A,22.0,2.0,N,4.0,E,,,,Pontotoc,OK,,,145,,Whole,Butt Box,,2,,May Be 2 Rows Per Box,,,,,,,
1255,9,10.0,,,Shell,SC Core Hole,2-A,22.0,2.0,N,4.0,E,,,,Pontotoc,OK,,,,,Whole,Butt Box,,2,,May Be 2 Rows Per Box,,,,,,,
1255,10,10.0,,,Shell,SC Core Hole,2-A,22.0,2.0,N,4.0,E,,,,Pontotoc,OK,,,,160,Whole,Butt Box,,2,,May Be 2 Rows Per Box,,,,,,,
1256,1,18.0,,,Shell,SC Core Hole,4,6.0,3.0,N,5.0,E,,,,Pontotoc,OK,,,266,267,Whole,Butt Box,,2,,May Be 2 Rows Per Box,,,,,,,
1256,2,18.0,,,Shell,SC Core Hole,4,6.0,3.0,N,5.0,E,,,,Pontotoc,OK,,,276,,Whole,Butt Box,,2,,May Be 2 Rows Per Box,,,,,,,
1256,3,18.0,,,Shell,SC Core Hole,4,6.0,3.0,N,5.0,E,,,,Pontotoc,OK,,,,,Whole,Butt Box,,2,,May Be 2 Rows Per Box,,,,,,,
1256,4,18.0,,,Shell,SC Core Hole,4,6.0,3.0,N,5.0,E,,,,Pontotoc,OK,,,,,Whole,Butt Box,,2,,May Be 2 Rows Per Box,,,,,,,
1256,5,18.0,,,Shell,SC Core Hole,4,6.0,3.0,N,5.0,E,,,,Pontotoc,OK,,,,299,Whole,Butt Box,,2,,May Be 2 Rows Per Box,,,,,,,
1256,6,18.0,,,Shell,SC Core Hole,4,6.0,3.0,N,5.0,E,,,,Pontotoc,OK,,,309,,Whole,Butt Box,,2,,May Be 2 Rows Per Box,,,,,,,
1256,7,18.0,,,Shell,SC Core Hole,4,6.0,3.0,N,5.0,E,,,,Pontotoc,OK,,,,,Whole,Butt Box,,2,,May Be 2 Rows Per Box,,,,,,,
1256,8,18.0,,,Shell,SC Core Hole,4,6.0,3.0,N,5.0,E,,,,Pontotoc,OK,,,,,Whole,Butt Box,,2,,May Be 2 Rows Per Box,,,,,,,
1256,9,18.0,,,Shell,SC Core Hole,4,6.0,3.0,N,5.0,E,,,,Pontotoc,OK,,,,328,Whole,Butt Box,,2,,May Be 2 Rows Per Box,,,,,,,
1256,10,18.0,,,Shell,SC Core Hole,4,6.0,3.0,N,5.0,E,,,,Pontotoc,OK,,,344,,Whole,Butt Box,,2,,May Be 2 Rows Per Box,,,,,,,
1256,11,18.0,,,Shell,SC Core Hole,4,6.0,3.0,N,5.0,E,,,,Pontotoc,OK,,,,,Whole,Butt Box,,2,,May Be 2 Rows Per Box,,,,,,,
1256,12,18.0,,,Shell,SC Core Hole,4,6.0,3.0,N,5.0,E,,,,Pontotoc,OK,,,,,Whole,Butt Box,,2,,May Be 2 Rows Per Box,,,,,,,
1256,13,18.0,,,Shell,SC Core Hole,4,6.0,3.0,N,5.0,E,,,,Pontotoc,OK,,,,,Whole,Butt Box,,2,,May Be 2 Rows Per Box,,,,,,,
1256,14,18.0,,,Shell,SC Core Hole,4,6.0,3.0,N,5.0,E,,,,Pontotoc,OK,,,,,Whole,Butt Box,,2,,May Be 2 Rows Per Box,,,,,,,
1256,15,18.0,,,Shell,SC Core Hole,4,6.0,3.0,N,5.0,E,,,,Pontotoc,OK,,,,382,Whole,Butt Box,,2,,May Be 2 Rows Per Box,,,,,,,
1256,16,18.0,,,Shell,SC Core Hole,4,6.0,3.0,N,5.0,E,,,,Pontotoc,OK,,,398,,Whole,Butt Box,,2,,May Be 2 Rows Per Box,,,,,,,
1256,17,18.0,,,Shell,SC Core Hole,4,6.0,3.0,N,5.0,E,,,,Pontotoc,OK,,,,,Whole,Butt Box,,2,,May Be 2 Rows Per Box,,,,,,,
1256,18,18.0,,,Shell,SC Core Hole,4,6.0,3.0,N,5.0,E,,,,Pontotoc,OK,,,,415,Whole,Butt Box,,2,,May Be 2 Rows Per Box,,,,,,,
1257,1,3.0,,,Shell,SC Core Hole,4-A,6.0,3.0,N,5.0,E,,,,Pontotoc,OK,,,501,507,Whole,Butt Box,,2,,May Be 2 Rows Per Box,,,,,,,
1257,2,3.0,,,Shell,SC Core Hole,4-A,6.0,3.0,N,5.0,E,,,,Pontotoc,OK,,,556,,Whole,Butt Box,,2,,May Be 2 Rows Per Box,,,,,,,
1257,3,3.0,,,Shell,SC Core Hole,4-A,6.0,3.0,N,5.0,E,,,,Pontotoc,OK,,,,565,Whole,Butt Box,,2,,May Be 2 Rows Per Box,,,,,,,
1258,1,6.0,,,Shell,SC Core Hole,4-C,6.0,3.0,N,5.0,E,,,,Pontotoc,OK,,,241,247,Whole,Butt Box,,2,,May Be 2 Rows Per Box,,,,,,,
1258,2,6.0,,,Shell,SC Core Hole,4-C,6.0,3.0,N,5.0,E,,,,Pontotoc,OK,,,404,,Whole,Butt Box,,2,,May Be 2 Rows Per Box,,,,,,,
1258,3,6.0,,,Shell,SC Core Hole,4-C,6.0,3.0,N,5.0,E,,,,Pontotoc,OK,,,,414,Whole,Butt Box,,2,,May Be 2 Rows Per Box,,,,,,,
1258,4,6.0,,,Shell,SC Core Hole,4-C,6.0,3.0,N,5.0,E,,,,Pontotoc,OK,,,423,430,Whole,Butt Box,,2,,May Be 2 Rows Per Box,,,,,,,
1258,5,6.0,,,Shell,SC Core Hole,4-C,6.0,3.0,N,5.0,E,,,,Pontotoc,OK,,,436,,Whole,Butt Box,,2,,May Be 2 Rows Per Box,,,,,,,
1258,6,6.0,,,Shell,SC Core Hole,4-C,6.0,3.0,N,5.0,E,,,,Pontotoc,OK,,,,443,Whole,Butt Box,,2,,May Be 2 Rows Per Box,,,,,,,
1259,1,13.0,,,Shell,SC Core Hole,4-D,6.0,3.0,N,5.0,E,,,,Pontotoc,OK,,,265,,Whole,Butt Box,,2,,May Be 2 Rows Per Box,,,,,,,
1259,2,13.0,,,Shell,SC Core Hole,4-D,6.0,3.0,N,5.0,E,,,,Pontotoc,OK,,,,,Whole,Butt Box,,2,,May Be 2 Rows Per Box,,,,,,,
1259,3,13.0,,,Shell,SC Core Hole,4-D,6.0,3.0,N,5.0,E,,,,Pontotoc,OK,,,,,Whole,Butt Box,,2,,May Be 2 Rows Per Box,,,,,,,
1259,4,13.0,,,Shell,SC Core Hole,4-D,6.0,3.0,N,5.0,E,,,,Pontotoc,OK,,,,,Whole,Butt Box,,2,,May Be 2 Rows Per Box,,,,,,,
1259,5,13.0,,,Shell,SC Core Hole,4-D,6.0,3.0,N,5.0,E,,,,Pontotoc,OK,,,,,Whole,Butt Box,,2,,May Be 2 Rows Per Box,,,,,,,
1259,6,13.0,,,Shell,SC Core Hole,4-D,6.0,3.0,N,5.0,E,,,,Pontotoc,OK,,,,,Whole,Butt Box,,2,,May Be 2 Rows Per Box,,,,,,,
1259,7,13.0,,,Shell,SC Core Hole,4-D,6.0,3.0,N,5.0,E,,,,Pontotoc,OK,,,,,Whole,Butt Box,,2,,May Be 2 Rows Per Box,,,,,,,
1259,8,13.0,,,Shell,SC Core Hole,4-D,6.0,3.0,N,5.0,E,,,,Pontotoc,OK,,,,312,Whole,Butt Box,,2,,May Be 2 Rows Per Box,,,,,,,
1259,9,13.0,,,Shell,SC Core Hole,4-D,6.0,3.0,N,5.0,E,,,,Pontotoc,OK,,,351,,Whole,Butt Box,,2,,May Be 2 Rows Per Box,,,,,,,
1259,10,13.0,,,Shell,SC Core Hole,4-D,6.0,3.0,N,5.0,E,,,,Pontotoc,OK,,,,,Whole,Butt Box,,2,,May Be 2 Rows Per Box,,,,,,,
1259,11,13.0,,,Shell,SC Core Hole,4-D,6.0,3.0,N,5.0,E,,,,Pontotoc,OK,,,,,Whole,Butt Box,,2,,May Be 2 Rows Per Box,,,,,,,
1259,12,13.0,,,Shell,SC Core Hole,4-D,6.0,3.0,N,5.0,E,,,,Pontotoc,OK,,,,,Whole,Butt Box,,2,,May Be 2 Rows Per Box,,,,,,,
1259,13,13.0,,,Shell,SC Core Hole,4-D,6.0,3.0,N,5.0,E,,,,Pontotoc,OK,,,,380,Whole,Butt Box,,2,,May Be 2 Rows Per Box,,,,,,,
1260,1,7.0,,,Shell,SC Core Hole,4-E,6.0,3.0,N,5.0,E,,,,Pontotoc,OK,,,238,,Whole,Butt Box,,2,,May Be 2 Rows Per Box,,,,,,,
1260,2,7.0,,,Shell,SC Core Hole,4-E,6.0,3.0,N,5.0,E,,,,Pontotoc,OK,,,,,Whole,Butt Box,,2,,May Be 2 Rows Per Box,,,,,,,
1260,3,7.0,,,Shell,SC Core Hole,4-E,6.0,3.0,N,5.0,E,,,,Pontotoc,OK,,,,253,Whole,Butt Box,,2,,May Be 2 Rows Per Box,,,,,,,
1260,4,7.0,,,Shell,SC Core Hole,4-E,6.0,3.0,N,5.0,E,,,,Pontotoc,OK,,,302,,Whole,Butt Box,,2,,May Be 2 Rows Per Box,,,,,,,
1260,5,7.0,,,Shell,SC Core Hole,4-E,6.0,3.0,N,5.0,E,,,,Pontotoc,OK,,,,,Whole,Butt Box,,2,,May Be 2 Rows Per Box,,,,,,,
1260,6,7.0,,,Shell,SC Core Hole,4-E,6.0,3.0,N,5.0,E,,,,Pontotoc,OK,,,,313,Whole,Butt Box,,2,,May Be 2 Rows Per Box,,,,,,,
1260,7,7.0,,,Shell,SC Core Hole,4-E,6.0,3.0,N,5.0,E,,,,Pontotoc,OK,,,343,350,Whole,Butt Box,,2,,May Be 2 Rows Per Box,,,,,,,
1261,1,10.0,,,Shell,SC Core Hole,4-F,5.0,3.0,N,5.0,E,,,,Pontotoc,OK,,,252,,Whole,Butt Box,,2,,May Be 2 Rows Per Box,,,,,,,
1261,2,10.0,,,Shell,SC Core Hole,4-F,5.0,3.0,N,5.0,E,,,,Pontotoc,OK,,,,,Whole,Butt Box,,2,,May Be 2 Rows Per Box,,,,,,,
1261,3,10.0,,,Shell,SC Core Hole,4-F,5.0,3.0,N,5.0,E,,,,Pontotoc,OK,,,,265,Whole,Butt Box,,2,,May Be 2 Rows Per Box,,,,,,,
1261,4,10.0,,,Shell,SC Core Hole,4-F,5.0,3.0,N,5.0,E,,,,Pontotoc,OK,,,294,,Whole,Butt Box,,2,,May Be 2 Rows Per Box,,,,,,,
1261,5,10.0,,,Shell,SC Core Hole,4-F,5.0,3.0,N,5.0,E,,,,Pontotoc,OK,,,,,Whole,Butt Box,,2,,May Be 2 Rows Per Box,,,,,,,
1261,6,10.0,,,Shell,SC Core Hole,4-F,5.0,3.0,N,5.0,E,,,,Pontotoc,OK,,,,312,Whole,Butt Box,,2,,May Be 2 Rows Per Box,,,,,,,
1261,7,10.0,,,Shell,SC Core Hole,4-F,5.0,3.0,N,5.0,E,,,,Pontotoc,OK,,,329,,Whole,Butt Box,,2,,May Be 2 Rows Per Box,,,,,,,
1261,8,10.0,,,Shell,SC Core Hole,4-F,5.0,3.0,N,5.0,E,,,,Pontotoc,OK,,,,,Whole,Butt Box,,2,,May Be 2 Rows Per Box,,,,,,,
1261,9,10.0,,,Shell,SC Core Hole,4-F,5.0,3.0,N,5.0,E,,,,Pontotoc,OK,,,,,Whole,Butt Box,,2,,May Be 2 Rows Per Box,,,,,,,
1261,10,10.0,,,Shell,SC Core Hole,4-F,5.0,3.0,N,5.0,E,,,,Pontotoc,OK,,,,349,Whole,Butt Box,,2,,May Be 2 Rows Per Box,,,,,,,
1262,1,5.0,,,Shell,SC Core Hole,4-H,6.0,3.0,N,5.0,E,,,,Pontotoc,OK,,,232,,Whole,Butt Box,,2,,May Be 2 Rows Per Box,,,,,,,
1262,2,5.0,,,Shell,SC Core Hole,4-H,6.0,3.0,N,5.0,E,,,,Pontotoc,OK,,,,,Whole,Butt Box,,2,,May Be 2 Rows Per Box,,,,,,,
1262,3,5.0,,,Shell,SC Core Hole,4-H,6.0,3.0,N,5.0,E,,,,Pontotoc,OK,,,,246,Whole,Butt Box,,2,,May Be 2 Rows Per Box,,,,,,,
1262,4,5.0,,,Shell,SC Core Hole,4-H,6.0,3.0,N,5.0,E,,,,Pontotoc,OK,,,318,323,Whole,Butt Box,,2,,May Be 2 Rows Per Box,,,,,,,
1262,5,5.0,,,Shell,SC Core Hole,4-H,6.0,3.0,N,5.0,E,,,,Pontotoc,OK,,,373,383,Whole,Butt Box,,2,,May Be 2 Rows Per Box,,,,,,,
1263,1,6.0,,,Shell,SC Core Hole,5-A,16.0,3.0,N,5.0,E,,,,Pontotoc,OK,,,98,101,Whole,Butt Box,,2,,May Be 2 Rows Per Box,,,,,,,
1263,2,6.0,,,Shell,SC Core Hole,5-A,16.0,3.0,N,5.0,E,,,,Pontotoc,OK,,,343,,Whole,Butt Box,,2,,May Be 2 Rows Per Box,,,,,,,
1263,3,6.0,,,Shell,SC Core Hole,5-A,16.0,3.0,N,5.0,E,,,,Pontotoc,OK,,,,356,Whole,Butt Box,,2,,May Be 2 Rows Per Box,,,,,,,
1263,4,6.0,,,Shell,SC Core Hole,5-A,16.0,3.0,N,5.0,E,,,,Pontotoc,OK,,,380,,Whole,Butt Box,,2,,May Be 2 Rows Per Box,,,,,,,
1263,5,6.0,,,Shell,SC Core Hole,5-A,16.0,3.0,N,5.0,E,,,,Pontotoc,OK,,,,,Whole,Butt Box,,2,,May Be 2 Rows Per Box,,,,,,,
1263,6,6.0,,,Shell,SC Core Hole,5-A,16.0,3.0,N,5.0,E,,,,Pontotoc,OK,,,,399,Whole,Butt Box,,2,,May Be 2 Rows Per Box,,,,,,,
1264,1,1.0,,,Shell,SC Core Hole,4-G,6.0,3.0,N,5.0,E,,,,Pontotoc,OK,,,363,368,Whole,Butt Box,,2,,May Be 2 Rows Per Box,,,,,,,
1265,1,6.0,,,Shell,SC Core Hole,6-A,11.0,3.0,N,5.0,E,,,,Pontotoc,OK,,,118,,Whole,Butt Box,,2,,May Be 2 Rows Per Box,,,,,,,
1265,2,6.0,,,Shell,SC Core Hole,6-A,11.0,3.0,N,5.0,E,,,,Pontotoc,OK,,,,129,Whole,Butt Box,,2,,May Be 2 Rows Per Box,,,,,,,
1265,3,6.0,,,Shell,SC Core Hole,6-A,11.0,3.0,N,5.0,E,,,,Pontotoc,OK,,,261,267,Whole,Butt Box,,2,,May Be 2 Rows Per Box,,,,,,,
1265,4,6.0,,,Shell,SC Core Hole,6-A,11.0,3.0,N,5.0,E,,,,Pontotoc,OK,,,272,,Whole,Butt Box,,2,,May Be 2 Rows Per Box,,,,,,,
1265,5,6.0,,,Shell,SC Core Hole,6-A,11.0,3.0,N,5.0,E,,,,Pontotoc,OK,,,,,Whole,Butt Box,,2,,May Be 2 Rows Per Box,,,,,,,
1265,6,6.0,,,Shell,SC Core Hole,6-A,11.0,3.0,N,5.0,E,,,,Pontotoc,OK,,,,289,Whole,Butt Box,,2,,May Be 2 Rows Per Box,,,,,,,
1266,1,3.0,,,Shell,SC Core Hole,7,19.0,2.0,N,4.0,E,,,,Pontotoc,OK,,,459,,Whole,Butt Box,,2,,May Be 2 Rows Per Box,,,,,,,
1266,2,3.0,,,Shell,SC Core Hole,7,19.0,2.0,N,4.0,E,,,,Pontotoc,OK,,,,,Whole,Butt Box,,2,,May Be 2 Rows Per Box,,,,,,,
1266,3,3.0,,,Shell,SC Core Hole,7,19.0,2.0,N,4.0,E,,,,Pontotoc,OK,,,,474,Whole,Butt Box,,2,,May Be 2 Rows Per Box,,,,,,,
1267,1,3.0,,,Shell,SC Core Hole,7-A,19.0,2.0,N,4.0,E,,,,Pontotoc,OK,,,357,,Whole,Butt Box,,2,,May Be 2 Rows Per Box,,,,,,,
1267,2,3.0,,,Shell,SC Core Hole,7-A,19.0,2.0,N,4.0,E,,,,Pontotoc,OK,,,,367,Whole,Butt Box,,2,,May Be 2 Rows Per Box,,,,,,,
1267,3,3.0,,,Shell,SC Core Hole,7-A,19.0,2.0,N,4.0,E,,,,Pontotoc,OK,,,372,379,Whole,Butt Box,,2,,May Be 2 Rows Per Box,,,,,,,
1268,1,19.0,,,Shell,SC Core Hole,8-A,6.0,3.0,N,5.0,E,,,,Pontotoc,OK,,,207,,Whole,Butt Box,,2,,May Be 2 Rows Per Box,,,,,,,
1268,2,19.0,,,Shell,SC Core Hole,8-A,6.0,3.0,N,5.0,E,,,,Pontotoc,OK,,,,,Whole,Butt Box,,2,,May Be 2 Rows Per Box,,,,,,,
1268,3,19.0,,,Shell,SC Core Hole,8-A,6.0,3.0,N,5.0,E,,,,Pontotoc,OK,,,,221,Whole,Butt Box,,2,,May Be 2 Rows Per Box,,,,,,,
1268,4,19.0,,,Shell,SC Core Hole,8-A,6.0,3.0,N,5.0,E,,,,Pontotoc,OK,,,226,,Whole,Butt Box,,2,,May Be 2 Rows Per Box,,,,,,,
1268,5,19.0,,,Shell,SC Core Hole,8-A,6.0,3.0,N,5.0,E,,,,Pontotoc,OK,,,,235,Whole,Butt Box,,2,,May Be 2 Rows Per Box,,,,,,,
1268,6,19.0,,,Shell,SC Core Hole,8-A,6.0,3.0,N,5.0,E,,,,Pontotoc,OK,,,351,,Whole,Butt Box,,2,,May Be 2 Rows Per Box,,,,,,,
1268,7,19.0,,,Shell,SC Core Hole,8-A,6.0,3.0,N,5.0,E,,,,Pontotoc,OK,,,,,Whole,Butt Box,,2,,May Be 2 Rows Per Box,,,,,,,
1268,8,19.0,,,Shell,SC Core Hole,8-A,6.0,3.0,N,5.0,E,,,,Pontotoc,OK,,,,,Whole,Butt Box,,2,,May Be 2 Rows Per Box,,,,,,,
1268,9,19.0,,,Shell,SC Core Hole,8-A,6.0,3.0,N,5.0,E,,,,Pontotoc,OK,,,,,Whole,Butt Box,,2,,May Be 2 Rows Per Box,,,,,,,
1268,10,19.0,,,Shell,SC Core Hole,8-A,6.0,3.0,N,5.0,E,,,,Pontotoc,OK,,,,,Whole,Butt Box,,2,,May Be 2 Rows Per Box,,,,,,,
1268,11,19.0,,,Shell,SC Core Hole,8-A,6.0,3.0,N,5.0,E,,,,Pontotoc,OK,,,,,Whole,Butt Box,,2,,May Be 2 Rows Per Box,,,,,,,
1268,12,19.0,,,Shell,SC Core Hole,8-A,6.0,3.0,N,5.0,E,,,,Pontotoc,OK,,,,,Whole,Butt Box,,2,,May Be 2 Rows Per Box,,,,,,,
1268,13,19.0,,,Shell,SC Core Hole,8-A,6.0,3.0,N,5.0,E,,,,Pontotoc,OK,,,,,Whole,Butt Box,,2,,May Be 2 Rows Per Box,,,,,,,
1268,14,19.0,,,Shell,SC Core Hole,8-A,6.0,3.0,N,5.0,E,,,,Pontotoc,OK,,,,,Whole,Butt Box,,2,,May Be 2 Rows Per Box,,,,,,,
1268,15,19.0,,,Shell,SC Core Hole,8-A,6.0,3.0,N,5.0,E,,,,Pontotoc,OK,,,,,Whole,Butt Box,,2,,May Be 2 Rows Per Box,,,,,,,
1268,16,19.0,,,Shell,SC Core Hole,8-A,6.0,3.0,N,5.0,E,,,,Pontotoc,OK,,,,,Whole,Butt Box,,2,,May Be 2 Rows Per Box,,,,,,,
1268,17,19.0,,,Shell,SC Core Hole,8-A,6.0,3.0,N,5.0,E,,,,Pontotoc,OK,,,,,Whole,Butt Box,,2,,May Be 2 Rows Per Box,,,,,,,
1268,18,19.0,,,Shell,SC Core Hole,8-A,6.0,3.0,N,5.0,E,,,,Pontotoc,OK,,,,,Whole,Butt Box,,2,,May Be 2 Rows Per Box,,,,,,,
1268,19,19.0,,,Shell,SC Core Hole,8-A,6.0,3.0,N,5.0,E,,,,Pontotoc,OK,,,,425,Whole,Butt Box,,2,,May Be 2 Rows Per Box,,,,,,,
1269,1,10.0,,,Shell,SC Core Hole,9-A,4.0,3.0,N,5.0,E,,,,Pontotoc,OK,,,190,,Whole,Butt Box,,2,,May Be 2 Rows Per Box,,,,,,,
1269,2,10.0,,,Shell,SC Core Hole,9-A,4.0,3.0,N,5.0,E,,,,Pontotoc,OK,,,,,Whole,Butt Box,,2,,May Be 2 Rows Per Box,,,,,,,
1269,3,10.0,,,Shell,SC Core Hole,9-A,4.0,3.0,N,5.0,E,,,,Pontotoc,OK,,,,206,Whole,Butt Box,,2,,May Be 2 Rows Per Box,,,,,,,
1269,4,10.0,,,Shell,SC Core Hole,9-A,4.0,3.0,N,5.0,E,,,,Pontotoc,OK,,,396,,Whole,Butt Box,,2,,May Be 2 Rows Per Box,,,,,,,
1269,5,10.0,,,Shell,SC Core Hole,9-A,4.0,3.0,N,5.0,E,,,,Pontotoc,OK,,,,,Whole,Butt Box,,2,,May Be 2 Rows Per Box,,,,,,,
1269,6,10.0,,,Shell,SC Core Hole,9-A,4.0,3.0,N,5.0,E,,,,Pontotoc,OK,,,,,Whole,Butt Box,,2,,May Be 2 Rows Per Box,,,,,,,
1269,7,10.0,,,Shell,SC Core Hole,9-A,4.0,3.0,N,5.0,E,,,,Pontotoc,OK,,,,414,Whole,Butt Box,,2,,May Be 2 Rows Per Box,,,,,,,
1269,8,10.0,,,Shell,SC Core Hole,9-A,4.0,3.0,N,5.0,E,,,,Pontotoc,OK,,,423,,Whole,Butt Box,,2,,May Be 2 Rows Per Box,,,,,,,
1269,9,10.0,,,Shell,SC Core Hole,9-A,4.0,3.0,N,5.0,E,,,,Pontotoc,OK,,,,,Whole,Butt Box,,2,,May Be 2 Rows Per Box,,,,,,,
1269,10,10.0,,,Shell,SC Core Hole,9-A,4.0,3.0,N,5.0,E,,,,Pontotoc,OK,,,,438,Whole,Butt Box,,2,,May Be 2 Rows Per Box,,,,,,,
1270,1,3.0,,,Shell,SC Core Hole,10-A,21.0,3.0,N,5.0,E,,,,Pontotoc,OK,,,93,99,Whole,Butt Box,,2,,May Be 2 Rows Per Box,,,,,,,
1270,2,3.0,,,Shell,SC Core Hole,10-A,21.0,3.0,N,5.0,E,,,,Pontotoc,OK,,,124,,Whole,Butt Box,,2,,May Be 2 Rows Per Box,,,,,,,
1270,3,3.0,,,Shell,SC Core Hole,10-A,21.0,3.0,N,5.0,E,,,,Pontotoc,OK,,,,137,Whole,Butt Box,,2,,May Be 2 Rows Per Box,,,,,,,
1272,1,2.0,,,Shell,Core Hole,V-5,32.0,6.0,S,21.0,E,,,,Mccurtain,OK,,,30,35,Whole,Butt Box,,2,,May Be 2 Rows Per Box,,,,,,,
1272,2,2.0,,,Shell,Core Hole,V-5,32.0,6.0,S,21.0,E,,,,Mccurtain,OK,,,57,67,Whole,Butt Box,,2,,May Be 2 Rows Per Box,,,,,,,
1273,1,1.0,,,Shell,SC Core Hole,18,23.0,1.0,N,3.0,E,,,,Murray,OK,,,456,464,Whole,Butt Box,,2,,May Be 2 Rows Per Box,,,,,,,
1274,1,2.0,,,Shell,SC Core Hole,15,5.0,1.0,N,4.0,E,,,,Murray,OK,,,439,,Whole,Butt Box,,2,,May Be 2 Rows Per Box,,,,,,,
1274,2,2.0,,,Shell,SC Core Hole,15,5.0,1.0,N,4.0,E,,,,Murray,OK,,,,449,Whole,Butt Box,,2,,May Be 2 Rows Per Box,,,,,,,
1275,1,3.0,,,Shell,SC Core Hole,16-A,13.0,1.0,N,3.0,E,,,,Murray,OK,,,133,,Whole,Butt Box,,2,,May Be 2 Rows Per Box,,,,,,,
1275,2,3.0,,,Shell,SC Core Hole,16-A,13.0,1.0,N,3.0,E,,,,Murray,OK,,,,,Whole,Butt Box,,2,,May Be 2 Rows Per Box,,,,,,,
1275,3,3.0,,,Shell,SC Core Hole,16-A,13.0,1.0,N,3.0,E,,,,Murray,OK,,,,152,Whole,Butt Box,,2,,May Be 2 Rows Per Box,,,,,,,
1276,1,2.0,,,Shell,SC Core Hole,19,4.0,1.0,S,3.0,E,,,,Murray,OK,,,569,573,Whole,Butt Box,,2,,May Be 2 Rows Per Box,,,,,,,
1276,2,2.0,,,Shell,SC Core Hole,19,4.0,1.0,S,3.0,E,,,,Murray,OK,,,622,627,Whole,Butt Box,,2,,May Be 2 Rows Per Box,,,,,,,
1278,1,1.0,,,Shell,Core Holee,V-2,27.0,6.0,S,21.0,E,,,,Mccurtain,OK,,,44,46,Whole,Butt Box,,2,,Core In Plastic Bags,,,,,,,
1280,1,3.0,,,Shell,Core Holee,V-6,22.0,6.0,S,21.0,E,,,,Mccurtain,OK,,,28,32,Whole,Butt Box,,2,,May Be 2 Rows Per Box,,,,,,,
1280,2,3.0,,,Shell,Core Holee,V-6,22.0,6.0,S,21.0,E,,,,Mccurtain,OK,,,37,,Whole,Butt Box,,2,,May Be 2 Rows Per Box,,,,,,,
1280,3,3.0,,,Shell,Core Holee,V-6,22.0,6.0,S,21.0,E,,,,Mccurtain,OK,,,,51,Whole,Butt Box,,2,,May Be 2 Rows Per Box,,,,,,,
1281,1,2.0,,,Shell,Core Hole Location,2,26.0,4.0,N,5.0,E,,,,Pontotoc,OK,,,92,,Whole,Butt Box,,2,,May Be 2 Rows Per Box,,,,,,,
1281,2,2.0,,,Shell,Core Hole Location,2,26.0,4.0,N,5.0,E,,,,Pontotoc,OK,,,,106,Whole,Butt Box,,2,,May Be 2 Rows Per Box,,,,,,,
1281A,1,2.0,,,Shell,Core Hole Location,10,17.0,4.0,N,6.0,E,,,,Pontotoc,OK,Virgil,,45,47,Whole,Butt Box,,2,,May Be 2 Rows Per Box,,,,,,,
1281A,2,2.0,,,Shell,Core Hole Location,10,17.0,4.0,N,6.0,E,,,,Pontotoc,OK,Virgil,,77,81,Whole,Butt Box,,2,,May Be 2 Rows Per Box,,,,,,,
1282,1,3.0,,,Shell,Core Hole Location,5,30.0,4.0,N,5.0,E,,,,Pontotoc,OK,,,31,35,Whole,Butt Box,,2,,May Be 2 Rows Per Box,,,,,,,
1282,2,3.0,,,Shell,Core Hole Location,5,30.0,4.0,N,5.0,E,,,,Pontotoc,OK,,,47,51,Whole,Butt Box,,2,,May Be 2 Rows Per Box,,,,,,,
1282,3,3.0,,,Shell,Core Hole Location,5,30.0,4.0,N,5.0,E,,,,Pontotoc,OK,,,60,63,Whole,Butt Box,,2,,May Be 2 Rows Per Box,,,,,,,
1283,1,2.0,,,Shell,Core Hole Location,9,7.0,4.0,N,6.0,E,,,,Pontotoc,OK,Virgil,,29,39,Whole,Butt Box,,2,,May Be 2 Rows Per Box,,,,,,,
1283,2,2.0,,,Shell,Core Hole Location,9,7.0,4.0,N,6.0,E,,,,Pontotoc,OK,,,76,78,Whole,Butt Box,,2,,May Be 2 Rows Per Box,,,,,,,
1284,1,3.0,,,Shell,SC Core Hole,11-A,35.0,3.0,N,4.0,E,,,,Pontotoc,OK,,,744,,Whole,Butt Box,,2,,May Be 2 Rows Per Box,,,,,,,
1284,2,3.0,,,Shell,SC Core Hole,11-A,35.0,3.0,N,4.0,E,,,,Pontotoc,OK,,,,,Whole,Butt Box,,2,,May Be 2 Rows Per Box,,,,,,,
1284,3,3.0,,,Shell,SC Core Hole,11-A,35.0,3.0,N,4.0,E,,,,Pontotoc,OK,,,,758,Whole,Butt Box,,2,,May Be 2 Rows Per Box,,,,,,,
1285,1,5.0,,,Shell,SC Core Hole,12-A,10.0,2.0,N,4.0,E,,,,Pontotoc,OK,,,87,,Whole,Butt Box,,2,,May Be 2 Rows Per Box,,,,,,,
1285,2,5.0,,,Shell,SC Core Hole,12-A,10.0,2.0,N,4.0,E,,,,Pontotoc,OK,,,,,Whole,Butt Box,,2,,May Be 2 Rows Per Box,,,,,,,
1285,3,5.0,,,Shell,SC Core Hole,12-A,10.0,2.0,N,4.0,E,,,,Pontotoc,OK,,,,98,Whole,Butt Box,,2,,May Be 2 Rows Per Box,,,,,,,
1285,4,5.0,,,Shell,SC Core Hole,12-A,10.0,2.0,N,4.0,E,,,,Pontotoc,OK,,,173,,Whole,Butt Box,,2,,May Be 2 Rows Per Box,,,,,,,
1285,5,5.0,,,Shell,SC Core Hole,12-A,10.0,2.0,N,4.0,E,,,,Pontotoc,OK,,,,181,Whole,Butt Box,,2,,May Be 2 Rows Per Box,,,,,,,
1653A,,,See Comments,,,,,,,,,,,,,,OK,,,,,,,,,,Changed to file 1645,,,,,,,
1653B,,,See Comments,,,,,,,,,,,,,,OK,,,,,,,,,,Changed to file 1646,,,,,,,
1653C,,,See Comments,,,,,,,,,,,,,,OK,,,,,,,,,,Changed to file 1647,,,,,,,
2019,1,16.0,,,Universal,Martin,4-33,32.0,29.0,N,13.0,W,SENW,36.951625,98.628454,Woods,OK,Red Fork,,2826,2829,Whole ,,,,,,,,,,,,
2019,2,16.0,,,Universal,Martin,4-33,32.0,29.0,N,13.0,W,SENW,36.951625,98.628454,Woods,OK,Red Fork,,2829,2832,Whole ,,,,,,,,,,,,
2019,3,16.0,,,Universal,Martin,4-33,32.0,29.0,N,13.0,W,SENW,36.951625,98.628454,Woods,OK,Red Fork,,2832,2835,Whole ,,,,,,,,,,,,
2019,4,16.0,,,Universal,Martin,4-33,32.0,29.0,N,13.0,W,SENW,36.951625,98.628454,Woods,OK,Red Fork,,2835,2838,Whole ,,,,,,,,,,,,
2019,5,16.0,,,Universal,Martin,4-33,32.0,29.0,N,13.0,W,SENW,36.951625,98.628454,Woods,OK,Red Fork,,2838,2841,Whole ,,,,,,,,,,,,
2019,6,16.0,,,Universal,Martin,4-33,32.0,29.0,N,13.0,W,SENW,36.951625,98.628454,Woods,OK,Red Fork,,2841,2844,Whole ,,,,,,,,,,,,
2019,7,16.0,,,Universal,Martin,4-33,32.0,29.0,N,13.0,W,SENW,36.951625,98.628454,Woods,OK,Red Fork,,2844,2847,Whole ,,,,,,,,,,,,
2019,8,16.0,,,Universal,Martin,4-33,32.0,29.0,N,13.0,W,SENW,36.951625,98.628454,Woods,OK,Red Fork,,2847,2850,Whole ,,,,,,,,,,,,
2019,9,16.0,,,Universal,Martin,4-33,32.0,29.0,N,13.0,W,SENW,36.951625,98.628454,Woods,OK,Red Fork,,2850,2853,Whole ,,,,,,,,,,,,
2019,10,16.0,,,Universal,Martin,4-33,32.0,29.0,N,13.0,W,SENW,36.951625,98.628454,Woods,OK,Red Fork,,2853,2856,Whole ,,,,,,,,,,,,
2019,11,16.0,,,Universal,Martin,4-33,32.0,29.0,N,13.0,W,SENW,36.951625,98.628454,Woods,OK,Red Fork,,2856,2859,Whole ,,,,,,,,,,,,
2019,12,16.0,,,Universal,Martin,4-33,32.0,29.0,N,13.0,W,SENW,36.951625,98.628454,Woods,OK,Red Fork,,2859,2862,Whole ,,,,,,,,,,,,
2019,13,16.0,,,Universal,Martin,4-33,32.0,29.0,N,13.0,W,SENW,36.951625,98.628454,Woods,OK,Red Fork,,2862,2865,Whole ,,,,,,,,,,,,
2019,14,16.0,,,Universal,Martin,4-33,32.0,29.0,N,13.0,W,SENW,36.951625,98.628454,Woods,OK,Red Fork,,2865,2868,Whole ,,,,,,,,,,,,
2019,15,16.0,,,Universal,Martin,4-33,32.0,29.0,N,13.0,W,SENW,36.951625,98.628454,Woods,OK,Red Fork,,2868,2871,Whole ,,,,,,,,,,,,
2019,16,16.0,,,Universal,Martin,4-33,32.0,29.0,N,13.0,W,SENW,36.951625,98.628454,Woods,OK,Red Fork,,2871,2874,Whole ,,,,,,,,,,,,
4524,,,See Comments,,,,,,,,,,,,,,,,,,,,,,,,Chandged to 4512A,,,,,,,
